"470";"Fall Documentation";"2";"application/vnd.google-apps.document";"2013-12-19 22:58:15.000000";"271";"8";"2"
"2761";"03 Understanding & Needfinding";"4";"application/vnd.google-apps.document";"2013-12-19 14:09:12.000000";"115";"7";"2"
"4833";"01_Introduction";"4";"application/vnd.google-apps.document";"2014-03-20 12:57:38.000000";"38";"7";"2"
"4829";"03 Understanding & Needfinding";"4";"application/vnd.google-apps.document";"2014-06-07 03:49:06.000000";"62";"7";"2"
"2758";"01_Introduction";"4";"application/vnd.google-apps.document";"2013-12-19 14:15:09.000000";"53";"7";"2"
"2763";"07 This is how we roll";"4";"application/vnd.google-apps.document";"2013-12-19 12:37:27.000000";"95";"7";"2"
"2751";"02_Context";"4";"application/vnd.google-apps.document";"2013-12-19 14:51:28.000000";"53";"7";"2"
"4830";"05 Prototypes";"4";"application/vnd.google-apps.document";"2014-06-06 22:03:47.000000";"59";"7";"2"
"2759";"05 Prototypes testing design assumptions ";"4";"application/vnd.google-apps.document";"2013-12-19 14:14:30.000000";"37";"7";"2"
"85";"Dark Horse Options Outline";"1";"application/vnd.google-apps.document";"2014-01-30 17:51:09.000000";"74";"7";"2"
"4835";"07 Team";"4";"application/vnd.google-apps.document";"2014-03-20 14:40:27.000000";"35";"7";"2"
"314";"Timetable for Calls";"2";"application/vnd.google-apps.spreadsheet";"2013-12-08 21:53:19.000000";"16";"7";"2"
"4836";"04 Design Requirements";"4";"application/vnd.google-apps.document";"2014-03-20 12:46:18.000000";"29";"7";"2"
"2753";"08 Vision and Next Steps / Future Work";"4";"application/vnd.google-apps.document";"2013-12-19 14:16:27.000000";"38";"7";"2"
"7844";"07 Team Management";"4";"application/vnd.google-apps.document";"2014-06-10 02:19:20.000000";"29";"6";"2"
"2749";"00_Topics";"4";"application/vnd.google-apps.document";"2013-12-19 14:59:31.000000";"71";"6";"2"
"2767";"04 Design Requirements / Approach ";"4";"application/vnd.google-apps.document";"2013-12-19 10:36:05.000000";"26";"6";"2"
"245";"Contact Info";"2";"application/vnd.google-apps.spreadsheet";"2014-02-06 10:30:40.000000";"9";"6";"2"
"6729";"Link TXT";"4";"application/vnd.google-apps.document";"2014-05-25 13:38:05.000000";"88";"6";"2"
"2735";"Open tasks";"4";"application/vnd.google-apps.document";"2014-03-20 17:15:37.000000";"64";"6";"2"
"7842";"04 Research";"4";"application/vnd.google-apps.document";"2014-06-10 03:08:15.000000";"95";"6";"2"
"7843";"05_Final_Prototype";"4";"application/vnd.google-apps.document";"2014-06-10 02:30:07.000000";"75";"6";"2"
"6836";"MS-Group Interview 08-05";"4";"application/vnd.google-apps.document";"2014-06-05 22:59:54.000000";"7";"5";"2"
"2451";"2013-11-14 Bayer Conference Call \"First Contact\"";"4";"application/vnd.google-apps.document";"2013-11-13 17:40:48.000000";"30";"5";"2"
"2762";"11 Appendix";"4";"application/vnd.google-apps.document";"2013-12-19 13:41:51.000000";"19";"5";"2"
"2414";"Project Log Diary";"4";"application/vnd.google-apps.document";"2014-04-16 15:57:09.000000";"61";"5";"2"
"4682";"Concept Cards 1";"4";"application/vnd.google-apps.document";"2014-02-27 14:10:09.000000";"22";"5";"2"
"7061";"Spring Presentation";"1";"application/vnd.google-apps.presentation";"2014-06-05 00:06:45.000000";"12";"5";"2"
"7847";"02 Glossary";"4";"application/vnd.google-apps.document";"2014-06-09 02:49:15.000000";"23";"5";"2"
"2764";"09 References";"4";"application/vnd.google-apps.document";"2013-12-19 12:32:39.000000";"11";"5";"2"
"2765";"06 Learnings - analysis";"4";"application/vnd.google-apps.document";"2013-12-19 11:24:32.000000";"28";"5";"2"
"6676";"2014-05-09 Penultimate Call";"1";"application/vnd.google-apps.document";"2014-05-09 17:40:27.000000";"20";"5";"2"
"6662";"equix-cred";"4";"application/vnd.google-apps.document";"2014-05-28 14:00:52.000000";"10";"5";"2"
"6716";"T-Shirts Size";"2";"application/vnd.google-apps.spreadsheet";"2014-05-16 14:26:53.000000";"10";"4";"2"
"327";"Kick-Off Preparation";"2";"application/vnd.google-apps.document";"2013-11-06 13:12:32.000000";"6";"4";"2"
"4837";"02_Context";"4";"application/vnd.google-apps.document";"2014-04-01 16:27:05.000000";"10";"4";"2"
"2456";"2013-11-06 Weekly Wednesday Hangout";"4";"application/vnd.google-apps.document";"2013-11-06 16:25:54.000000";"20";"4";"2"
"35";"AY14 Siemens Expenses Spreadsheet";"1";"application/vnd.google-apps.spreadsheet";"2014-06-07 21:10:53.000000";"50";"4";"2"
"6644";"Structure";"2";"application/vnd.google-apps.document";"2014-06-02 17:29:50.000000";"29";"4";"2"
"194";"Fall Stanford Final Presentation";"1";"application/vnd.google-apps.presentation";"2013-12-11 15:04:29.000000";"203";"4";"2"
"5812";"Executive Summary";"2";"application/vnd.google-apps.document";"2014-03-24 20:49:58.000000";"6";"4";"2"
"7850";"01 Exec Summary";"4";"application/vnd.google-apps.document";"2014-06-09 02:00:24.000000";"9";"4";"2"
"2420";"Interview Recruitment Plan";"4";"application/vnd.google-apps.document";"2013-11-18 14:59:19.000000";"19";"4";"2"
"4838";"06 Learnings - analysis";"4";"application/vnd.google-apps.document";"2014-03-20 08:53:46.000000";"18";"4";"2"
"7040";"Physical system";"1";"application/vnd.google-apps.document";"2014-05-29 17:11:05.000000";"13";"4";"2"
"6612";"Agenda 22-04-2014";"4";"application/vnd.google-apps.document";"2014-04-22 16:49:41.000000";"23";"4";"2"
"2428";"2014-01-29 Hangout";"4";"application/vnd.google-apps.document";"2014-01-29 13:34:41.000000";"7";"4";"2"
"7846";"03_Context";"4";"application/vnd.google-apps.document";"2014-06-09 03:00:44.000000";"23";"4";"2"
"4834";"08 Vision and Next Steps";"4";"application/vnd.google-apps.document";"2014-03-20 15:00:09.000000";"10";"4";"2"
"3602";"Use-Case";"4";"application/vnd.google-apps.document";"2014-03-05 20:03:17.000000";"16";"4";"2"
"80";"The Delta Wall";"1";"application/vnd.google-apps.document";"2014-01-24 00:43:24.000000";"10";"4";"2"
"4622";"Winter Presentation 140313";"1";"application/vnd.google-apps.presentation";"2014-03-19 16:41:08.000000";"187";"4";"2"
"6651";"Structure Document";"4";"application/vnd.google-apps.document";"2014-06-09 18:16:47.000000";"27";"4";"2"
"196";"Fall Rehearsal";"1";"application/vnd.google-apps.presentation";"2013-12-10 21:05:16.000000";"61";"4";"2"
"6558";"Work Planning May";"2";"application/vnd.google-apps.spreadsheet";"2014-04-29 13:28:56.000000";"14";"4";"2"
"2760";"Open tasks";"4";"application/vnd.google-apps.document";"2013-12-19 14:09:15.000000";"39";"4";"2"
"7163";"Final Brochure Text";"1";"application/vnd.google-apps.document";"2014-06-01 23:56:15.000000";"49";"4";"2"
"6015";"Handout HPI 26.3.14";"2";"application/vnd.google-apps.document";"2014-04-13 20:21:07.000000";"4";"4";"2"
"6955";"Ultra-Final-Kickass-Structure";"4";"application/vnd.google-apps.document";"2014-07-23 14:05:31.000000";"17";"3";"2"
"7849";"TODO";"4";"application/vnd.google-apps.document";"2014-06-09 02:16:32.000000";"5";"3";"2"
"7039";"Software system";"1";"application/vnd.google-apps.document";"2014-05-30 18:13:01.000000";"21";"3";"2"
"4818";"Full Plot";"4";"application/vnd.google-apps.document";"2014-03-12 08:04:38.000000";"30";"3";"2"
"3596";"German-Finnish-Handout";"4";"application/vnd.google-apps.document";"2014-02-06 12:49:18.000000";"4";"3";"2"
"6654";"Responsibilities";"4";"application/vnd.google-apps.document";"2014-04-30 12:46:43.000000";"5";"3";"2"
"2775";"Interview Todd notes";"4";"application/vnd.google-apps.document";"2013-12-17 14:47:12.000000";"5";"3";"2"
"251";"French Hand Out 23.01.2014";"2";"application/vnd.google-apps.document";"2014-01-23 10:13:11.000000";"3";"3";"2"
"866";"Project Review feedback 22";"2";"application/vnd.google-apps.document";"2013-11-26 11:06:43.000000";"3";"3";"2"
"2442";"2013-11-18 Hangout Pre Bayer Kickoff";"4";"application/vnd.google-apps.document";"2013-11-18 16:52:56.000000";"4";"3";"2"
"84";"Alpha Squad Dark Horse";"1";"application/vnd.google-apps.document";"2014-01-15 14:11:31.000000";"15";"3";"2"
"6655";"Features";"4";"application/vnd.google-apps.document";"2014-05-07 14:01:56.000000";"8";"3";"2"
"6229";"Mocked Blood Values";"4";"application/vnd.google-apps.document";"2014-04-16 12:02:47.000000";"13";"3";"2"
"7851";"08 Acknowledgements";"4";"application/vnd.google-apps.document";"2014-06-09 00:46:10.000000";"8";"3";"2"
"2399";"Drive Structure";"4";"application/vnd.google-apps.document";"2014-03-06 09:12:06.000000";"7";"3";"2"
"6631";"List of things we needs";"2";"application/vnd.google-apps.spreadsheet";"2014-05-13 10:53:05.000000";"7";"3";"2"
"2644";"Brochure texts";"4";"application/vnd.google-apps.document";"2014-03-11 14:51:21.000000";"9";"3";"2"
"6958";"Final Presentation screen play";"4";"application/vnd.google-apps.document";"2014-05-22 18:45:14.000000";"12";"3";"2"
"2706";"Finland";"4";"application/vnd.google-apps.document";"2014-03-20 13:12:51.000000";"3";"3";"2"
"4840";"00_exec-summary";"4";"application/vnd.google-apps.document";"2014-06-05 19:03:18.000000";"6";"3";"2"
"5819";"Table of content";"2";"application/vnd.google-apps.spreadsheet";"2014-03-22 17:22:43.000000";"18";"3";"2"
"4827";"Functional handout";"4";"application/vnd.google-apps.document";"2014-02-28 15:17:43.000000";"7";"3";"2"
"2966";"ideation";"4";"application/vnd.google-apps.document";"2014-01-20 14:13:16.000000";"24";"3";"2"
"6535";"Hardware System Diagram (draw.io)";"1";"application/vnd.jgraph.mxfile";"2014-04-24 12:44:30.000000";"4";"3";"2"
"1545";"French Handout 30.01.2014";"2";"application/vnd.google-apps.document";"2014-01-30 12:34:54.000000";"3";"3";"2"
"6520";"Datapharmers Tracktor - Concept Description";"4";"application/vnd.google-apps.document";"2014-04-30 11:49:43.000000";"14";"3";"2"
"82";"Stanford 2014-01-16";"1";"application/vnd.google-apps.document";"2014-01-23 16:14:48.000000";"14";"3";"2"
"6204";"2014-04-07 FINGER call agenda";"4";"application/vnd.google-apps.document";"2014-04-08 11:26:13.000000";"11";"3";"2"
"4907";"06 Learnings - analysis.indd";"4";"application/octet-stream";"2014-04-02 11:57:36.000000";"42";"2";"2"
"1524";"2014-01-30 Stanford slides - DarkHorsev3.0";"1";"application/vnd.google-apps.presentation";"2014-02-11 10:31:20.000000";"4";"2";"2"
"6133";"German presentation 3.4";"2";"application/vnd.google-apps.presentation";"2014-04-04 08:58:05.000000";"3";"2";"2"
"4828";"BloodMoneyCloud Handout 05.03.2014";"4";"application/vnd.google-apps.document";"2014-03-11 17:05:34.000000";"2";"2";"2"
"7026";"8 minute pitch Hayk";"1";"application/vnd.google-apps.document";"2014-05-22 13:09:35.000000";"8";"2";"2"
"4903";"00 Index.indd";"4";"application/octet-stream";"2014-04-02 11:57:56.000000";"25";"2";"2"
"323";"Kickoff Lapeyre synthesis complements.docx";"2";"application/vnd.openxmlformats-officedocument.wordprocessingml.document";"2013-12-01 14:07:27.000000";"2";"2";"2"
"7188";"slide_template_q.png";"1";"image/png";"2014-06-03 18:07:18.000000";"2";"2";"2"
"83";"Lambda: BIAS & BoardPod";"1";"application/vnd.google-apps.document";"2014-01-18 06:19:25.000000";"4";"2";"2"
"7179";"Notes Claudia";"1";"application/vnd.google-apps.document";"2014-06-05 16:41:15.000000";"7";"2";"2"
"727";"IMG_1166.JPG";"2";"image/jpeg";"2014-03-06 00:53:57.000000";"2";"2";"2"
"4908";"05 Prototypes testing design assumptions.indd";"4";"application/octet-stream";"2014-04-02 11:57:51.000000";"29";"2";"2"
"7086";"HPI Winter Presentation V13";"1";"application/vnd.google-apps.presentation";"2014-06-03 23:42:01.000000";"2";"2";"2"
"1094";"IMG_7647.JPG";"2";"image/jpeg";"2014-03-06 05:49:30.000000";"2";"2";"2"
"7841";"Table of Contents";"4";"application/vnd.google-apps.document";"2014-06-10 03:48:10.000000";"3";"2";"2"
"4904";"02 Context.indd";"4";"application/octet-stream";"2014-04-02 11:57:46.000000";"38";"2";"2"
"6537";"Furniture";"2";"application/vnd.ms-powerpoint";"2014-04-17 13:17:24.000000";"2";"2";"2"
"3597";"app-flow.jpg";"4";"image/jpeg";"2014-02-12 08:58:58.000000";"2";"2";"2"
"4844";"Corni-Style Handout Bayer";"4";"application/vnd.google-apps.document";"2014-03-20 13:17:58.000000";"4";"2";"2"
"2598";"Ideation & Inspiration";"4";"application/vnd.google-apps.document";"2013-11-08 16:35:52.000000";"2";"2";"2"
"5797";"Siemens Presentation 21MAR2014";"1";"application/vnd.google-apps.presentation";"2014-03-27 15:26:31.000000";"18";"2";"2"
"4909";"04 Design Requirements Approach.indd";"4";"application/octet-stream";"2014-04-02 11:57:40.000000";"37";"2";"2"
"4900";"Appendix.indd";"4";"application/octet-stream";"2014-04-02 11:57:41.000000";"38";"2";"2"
"2801";"Kela meeting notes";"4";"application/vnd.google-apps.document";"2013-11-15 10:42:12.000000";"3";"2";"2"
"4814";"Bullet point plot";"4";"application/vnd.google-apps.document";"2014-03-12 13:37:39.000000";"3";"2";"2"
"6957";"Martti Presentation Ideation Slides";"4";"application/vnd.google-apps.presentation";"2014-05-24 16:45:08.000000";"2";"2";"2"
"4839";"Appendix";"4";"application/vnd.google-apps.document";"2014-03-20 13:06:21.000000";"4";"2";"2"
"4905";"07 This is how we roll.indd";"4";"application/octet-stream";"2014-04-02 11:57:32.000000";"49";"2";"2"
"4910";"03 Understanding & Needfinding.indd";"4";"application/octet-stream";"2014-04-02 11:57:54.000000";"47";"2";"2"
"3919";"photo (21).JPG";"2";"image/jpeg";"2014-03-11 21:47:15.000000";"2";"2";"2"
"4901";"01 Introduction.indd";"4";"application/octet-stream";"2014-04-02 11:57:53.000000";"29";"2";"2"
"6014";"Call 1.4";"2";"application/vnd.google-apps.document";"2014-04-01 14:24:14.000000";"7";"2";"2"
"4831";"Funky 1.0 handout";"4";"application/vnd.google-apps.document";"2014-02-27 12:53:46.000000";"3";"2";"2"
"4906";"08 Vision and Next Steps - Future Work.indd";"4";"application/octet-stream";"2014-04-01 17:46:09.000000";"46";"2";"2"
"7913";"Nike_FuelBand.jpg";"4";"image/jpeg";"2014-06-09 00:52:59.000000";"2";"2";"2"
"3677";"Requirements List";"1";"application/vnd.google-apps.document";"2014-03-16 23:43:25.000000";"3";"2";"2"
"4902";"References.indd";"4";"application/octet-stream";"2014-04-02 11:57:33.000000";"52";"2";"2"
"471";"doc-final-insight.docx";"2";"application/vnd.openxmlformats-officedocument.wordprocessingml.document";"2013-12-19 14:40:37.000000";"2";"2";"2"
"1267";"IMG_1031.jpg";"2";"image/jpeg";"2014-03-06 05:23:30.000000";"2";"2";"2"
"7855";"03 Understanding & Needfinding";"4";"application/vnd.google-apps.document";"2014-06-06 17:55:20.000000";"3";"2";"2"
"2425";"2013-11-19 Kickoff memo";"4";"application/vnd.google-apps.document";"2013-11-21 13:32:15.000000";"3";"2";"2"
"4841";"doku-winter-binder.indb";"4";"application/octet-stream";"2014-04-02 12:01:04.000000";"14";"2";"2"
"6615";"Potential User Groups";"4";"application/vnd.google-apps.document";"2014-05-09 08:56:02.000000";"11";"2";"2"
"3672";"HPI 2014-02-13";"1";"application/vnd.google-apps.document";"2014-02-27 12:20:03.000000";"11";"4";"1"
"317";"Main Observations and derived Insights (Potsdam)";"2";"application/vnd.google-apps.presentation";"2013-12-16 20:22:46.000000";"140";"4";"1"
"1458";"2014-01-30 Siemens Status update.";"1";"application/vnd.google-apps.presentation";"2014-01-31 10:52:35.000000";"48";"4";"1"
"4848";"Inteview Brian Seal";"4";"application/vnd.google-apps.document";"2014-03-09 22:50:17.000000";"13";"4";"1"
"571";"Expenses HPI";"2";"application/vnd.google-apps.spreadsheet";"2014-05-27 08:38:32.000000";"22";"4";"1"
"6961";"LGM GER 2014-05-22";"4";"application/vnd.google-apps.presentation";"2014-05-22 14:39:12.000000";"22";"4";"1"
"6693";"2014-05-08 SUDS";"1";"application/vnd.google-apps.presentation";"2014-05-08 14:18:35.000000";"12";"4";"1"
"3762";"German Winter Presentation";"2";"application/vnd.google-apps.presentation";"2014-03-13 14:51:00.000000";"45";"4";"1"
"2580";"Interviewguide";"4";"application/vnd.google-apps.document";"2014-02-24 15:42:38.000000";"32";"4";"1"
"3068";"Issues";"4";"application/vnd.google-apps.document";"2013-12-19 16:18:22.000000";"25";"4";"1"
"198";"2013-11-22 Siemens Call";"1";"application/vnd.google-apps.presentation";"2013-11-22 13:57:10.000000";"14";"4";"1"
"2602";"Reading Recomendations";"4";"application/vnd.google-apps.document";"2013-11-08 09:04:27.000000";"6";"3";"1"
"6009";"2014-04-30 Dialog";"1";"application/vnd.google-apps.presentation";"2014-04-30 13:20:42.000000";"9";"3";"1"
"3678";"2014-02-20 SUDS";"1";"application/vnd.google-apps.presentation";"2014-02-27 14:36:13.000000";"3";"3";"1"
"199";"2013-11-07_benchmarking-overview";"1";"application/vnd.google-apps.presentation";"2013-11-08 09:43:50.000000";"5";"3";"1"
"69";"2013-11-22 Siemens Call";"1";"application/vnd.google-apps.document";"2013-11-22 15:37:09.000000";"3";"3";"1"
"6850";"1 minute Pitch HPI";"1";"application/vnd.google-apps.document";"2014-06-07 21:14:13.000000";"8";"3";"1"
"6079";"2014-03-27 Guido Call";"4";"application/vnd.google-apps.document";"2014-03-27 14:52:29.000000";"4";"3";"1"
"6111";"Spring Hunting Plan";"1";"application/vnd.google-apps.presentation";"2014-04-01 22:39:47.000000";"65";"3";"1"
"19";"SUDS Handout 10/7/13";"1";"application/vnd.google-apps.document";"2013-12-12 07:41:12.000000";"54";"3";"1"
"3669";"Stanford 2014-02-20 [Functional v1]";"1";"application/vnd.google-apps.document";"2014-03-17 00:02:51.000000";"36";"3";"1"
"4617";"Stanford 2014-03-06 [Functional v3]";"1";"application/vnd.google-apps.document";"2014-03-07 00:26:39.000000";"32";"3";"1"
"2776";"Questions for  Bayer Interviews ";"4";"application/vnd.google-apps.document";"2013-12-16 13:44:20.000000";"10";"3";"1"
"6557";"German Presentation 17.4";"2";"application/vnd.google-apps.presentation";"2014-04-17 13:48:08.000000";"9";"3";"1"
"1543";"German Handout 30.01.2014";"2";"application/vnd.google-apps.document";"2014-06-02 01:13:01.000000";"12";"3";"1"
"6698";"Penultimate Design Review Document - May 13 2014";"1";"application/vnd.google-apps.document";"2014-05-28 23:57:54.000000";"23";"3";"1"
"1361";"Interview Nice";"2";"application/vnd.google-apps.document";"2013-11-24 20:08:44.000000";"7";"3";"1"
"20";"SUDS Handout 11/13/13";"1";"application/vnd.google-apps.document";"2013-11-14 21:23:28.000000";"65";"3";"1"
"5803";"Design Decisions/Questions";"2";"application/vnd.google-apps.document";"2014-04-07 12:28:23.000000";"8";"3";"1"
"4678";"comments_for_datasource_search";"4";"application/vnd.google-apps.document";"2014-03-05 17:17:05.000000";"4";"3";"1"
"3670";"Stanford 2014-02-27 [Functional v2]";"1";"application/vnd.google-apps.document";"2014-02-28 23:11:25.000000";"12";"3";"1"
"6425";"The Chair";"2";"application/vnd.google-apps.presentation";"2014-06-15 21:01:04.000000";"41";"3";"1"
"6694";"2014-05-14 HW Feedback";"1";"application/vnd.google-apps.presentation";"2014-05-14 13:18:55.000000";"4";"3";"1"
"6108";"Stanford 2014-04-01 [SpringHunting]";"1";"application/vnd.google-apps.document";"2014-04-01 21:35:24.000000";"6";"3";"1"
"2415";"Stakeholdermap";"4";"application/vnd.google-apps.drawing";"2013-12-18 17:25:41.000000";"12";"3";"1"
"2737";"Guidelines";"4";"application/vnd.google-apps.document";"2014-03-12 09:03:24.000000";"4";"3";"1"
"6646";"Travel-Plan-GER";"4";"application/vnd.google-apps.document";"2014-04-24 10:00:07.000000";"15";"3";"1"
"293";"Shopping list Potsdam (sorry for German)";"2";"application/vnd.google-apps.spreadsheet";"2013-11-26 18:07:39.000000";"3";"3";"1"
"6652";"LGM GER 04-24";"4";"application/vnd.google-apps.presentation";"2014-04-24 13:44:30.000000";"20";"3";"1"
"6019";"german presentation 27.03.";"2";"application/vnd.google-apps.presentation";"2014-06-02 01:20:54.000000";"7";"3";"1"
"3671";"HPI 2014-02-27";"1";"application/vnd.google-apps.document";"2014-03-02 21:03:13.000000";"16";"3";"1"
"3599";"Toolchain";"4";"application/vnd.google-apps.document";"2014-05-12 10:08:48.000000";"6";"3";"1"
"3494";"Fragenkatalog SAP Executive Summit";"1";"application/vnd.google-apps.document";"2014-02-07 11:46:55.000000";"8";"3";"1"
"5942";"Guido Call";"4";"application/vnd.google-apps.document";"2014-03-27 14:32:49.000000";"4";"3";"1"
"6875";"2014-05-21";"1";"application/vnd.google-apps.presentation";"2014-05-21 14:00:42.000000";"7";"3";"1"
"7848";"Open for proof-reading";"4";"application/vnd.google-apps.document";"2014-06-09 02:29:44.000000";"34";"3";"1"
"353";"List of user / experts to interview";"2";"application/vnd.google-apps.document";"2013-11-21 21:27:50.000000";"17";"3";"1"
"7839";"Feedback for designed version";"4";"application/vnd.google-apps.document";"2014-06-10 16:37:46.000000";"7";"3";"1"
"3536";"Mail Templates";"4";"application/vnd.google-apps.document";"2014-04-23 17:05:37.000000";"48";"3";"1"
"3758";"German Handout 13.02.2014";"2";"application/vnd.google-apps.document";"2014-06-02 01:14:30.000000";"9";"3";"1"
"2697";"Questionnaire";"4";"application/vnd.google-apps.document";"2014-03-09 14:02:04.000000";"7";"2";"1"
"67";"2013-11-22 Lumira";"1";"application/vnd.google-apps.document";"2013-11-22 10:22:58.000000";"5";"2";"1"
"2773";"Brian Cuffel";"4";"application/vnd.google-apps.document";"2013-12-18 14:38:23.000000";"5";"2";"1"
"250";"German Handout 23.01.2014";"2";"application/vnd.google-apps.document";"2014-03-11 19:59:28.000000";"4";"2";"1"
"4653";"2014-03-06 SUDS";"1";"application/vnd.google-apps.presentation";"2014-03-06 15:01:31.000000";"5";"2";"1"
"2679";"2014_01_30 SUDS GER";"4";"application/vnd.google-apps.presentation";"2014-01-30 14:48:22.000000";"6";"2";"1"
"4643";"CubeSurvey_Template";"1";"application/vnd.google-apps.document";"2014-03-03 04:52:04.000000";"5";"2";"1"
"2992";"datenschutz.html";"4";"text/html";"2014-01-29 12:07:07.000000";"8";"2";"1"
"1359";"Fondation flavier";"2";"application/vnd.google-apps.document";"2013-12-04 10:16:04.000000";"4";"2";"1"
"533";"1_POV.jpg";"2";"image/jpeg";"2013-12-02 09:50:12.000000";"2";"2";"1"
"78";"131203 Survey for CFP/CEP";"1";"application/vnd.google-apps.document";"2013-12-03 08:02:12.000000";"7";"2";"1"
"5968";"StudyDimesions.jpg";"4";"image/jpeg";"2014-04-01 17:32:09.000000";"3";"2";"1"
"524";"IMG_7383.JPG";"2";"image/jpeg";"2013-11-14 13:20:29.000000";"2";"2";"1"
"3753";"German Handout 19.2.";"2";"application/vnd.google-apps.document";"2014-02-27 10:06:21.000000";"6";"2";"1"
"6545";"Part X";"1";"application/vnd.google-apps.document";"2014-04-15 21:40:27.000000";"7";"2";"1"
"854";"Speech Fall presentation";"2";"application/vnd.google-apps.document";"2013-12-15 12:34:04.000000";"5";"2";"1"
"3466";"HPI 2014-02-06";"1";"application/vnd.google-apps.document";"2014-02-06 16:33:34.000000";"3";"2";"1"
"2608";"2013_11_13 Interview EMail Text (German)";"4";"application/vnd.google-apps.document";"2013-11-13 13:38:26.000000";"3";"2";"1"
"7322";"Introduction to Design Thinking and ME310 draft";"2";"application/vnd.google-apps.document";"2014-06-06 20:33:45.000000";"3";"2";"1"
"7091";"problem texts";"1";"application/vnd.google-apps.document";"2014-06-04 16:52:13.000000";"3";"2";"1"
"7816";"Ideas for HPI ME310 workshop";"4";"application/vnd.google-apps.document";"2014-07-23 13:37:47.000000";"4";"2";"1"
"6692";"2014-05-14 SUDS";"1";"application/vnd.google-apps.presentation";"2014-05-22 09:04:32.000000";"5";"2";"1"
"593";"0_safety.jpg";"2";"image/jpeg";"2013-11-18 10:33:33.000000";"2";"2";"1"
"6616";"User Feedback & Bug Reports";"4";"application/vnd.google-apps.document";"2014-04-24 12:06:48.000000";"6";"2";"1"
"4663";"HPI Winter Presentation V6.pptx";"1";"application/vnd.openxmlformats-officedocument.presentationml.presentation";"2014-03-12 09:57:12.000000";"4";"2";"1"
"12";"Questions for board members";"1";"application/vnd.google-apps.document";"2013-11-07 20:33:26.000000";"6";"2";"1"
"300";"internal/connected/external-stakeholder clustering";"2";"image/jpeg";"2013-11-14 13:22:23.000000";"2";"2";"1"
"3673";"HPI 2014-02-20";"1";"application/vnd.google-apps.document";"2014-02-20 16:10:06.000000";"4";"2";"1"
"3508";"IMG_20140210_095940.jpg";"2";"image/jpeg";"2014-03-11 21:38:42.000000";"2";"2";"1"
"7160";"140531_SiemensPoster_v4.pdf";"1";"application/pdf";"2014-06-02 00:57:19.000000";"2";"2";"1"
"2800";"Terveystalon Sonja";"4";"application/vnd.google-apps.document";"2013-11-20 17:34:35.000000";"2";"2";"1"
"3462";"General Design Ideas";"2";"application/vnd.google-apps.document";"2014-02-06 17:53:47.000000";"26";"2";"1"
"6956";"EXPE presentation concept slides";"4";"application/vnd.google-apps.presentation";"2014-05-26 08:58:30.000000";"17";"2";"1"
"2437";"2013-11-26 Interview Todd Williams";"4";"application/vnd.google-apps.document";"2013-12-16 13:57:19.000000";"5";"2";"1"
"6418";"Software System Diagram (draw.io)";"1";"application/vnd.jgraph.mxfile";"2014-04-15 18:03:20.000000";"18";"2";"1"
"6012";"Fragenkatalog";"2";"application/vnd.google-apps.document";"2014-04-01 07:44:57.000000";"10";"2";"1"
"79";"131203 Overview of CFP/CEP";"1";"application/vnd.google-apps.document";"2013-11-30 19:54:03.000000";"6";"2";"1"
"1459";"Stanford 2014-01-30";"1";"application/vnd.google-apps.document";"2014-01-31 00:18:28.000000";"4";"2";"1"
"525";"3_which ideas match POV.jpg";"2";"image/jpeg";"2013-12-02 09:48:34.000000";"2";"2";"1"
"256";"report TARKETT";"2";"application/vnd.google-apps.document";"2014-01-23 17:57:31.000000";"3";"2";"1"
"144";"Heinz Exeler Conti Notes (RAW)";"1";"application/vnd.google-apps.document";"2013-12-08 21:05:11.000000";"5";"2";"1"
"3754";"Presentation 20.02.2014";"2";"application/vnd.google-apps.presentation";"2014-02-20 14:59:49.000000";"2";"2";"1"
"61";"2013-11-12 Interview Andrea";"1";"application/vnd.google-apps.document";"2013-11-12 20:46:38.000000";"2";"2";"1"
"2457";"2013-11-08 Hangout";"4";"application/vnd.google-apps.document";"2013-11-08 09:57:24.000000";"4";"2";"1"
"2768";"10 List of Images";"4";"application/vnd.google-apps.document";"2013-12-17 19:20:03.000000";"2";"2";"1"
"4677";"Mika Lehto";"4";"application/vnd.google-apps.document";"2014-03-06 11:58:00.000000";"3";"2";"1"
"1547";"German dark horse .jpg";"2";"image/jpeg";"2014-03-11 21:40:36.000000";"2";"2";"1"
"4716";"interview_poster_template.indd";"4";"application/octet-stream";"2014-03-18 17:31:08.000000";"2";"2";"1"
"3502";"German Handout 06.02.2014";"2";"application/vnd.google-apps.document";"2014-02-06 14:46:26.000000";"7";"2";"1"
"6627";"2014-04-23 SUDS";"1";"application/vnd.google-apps.presentation";"2014-04-24 12:49:54.000000";"3";"2";"1"
"284";"primary/secondary/key-stakeholder clustering";"2";"image/jpeg";"2013-11-14 13:22:29.000000";"2";"2";"1"
"594";"0_Organizational Issues.jpg";"2";"image/jpeg";"2013-11-18 10:33:13.000000";"2";"2";"1"
"214";"Radio Shack and pbot";"1";"application/vnd.google-apps.document";"2014-04-14 01:07:43.000000";"4";"2";"1"
"6837";"MS-Group Interview-09-05";"4";"application/vnd.google-apps.document";"2014-05-19 09:23:41.000000";"5";"2";"1"
"15";"HPI 2014-01-16";"1";"application/vnd.google-apps.document";"2014-01-25 12:01:02.000000";"7";"2";"1"
"4691";"rle_process.png";"4";"image/png";"2014-06-09 00:52:59.000000";"2";"2";"1"
"2681";"2013_11_07 SUDS";"4";"application/vnd.google-apps.presentation";"2013-11-07 14:40:09.000000";"3";"2";"1"
"7023";"Presentation Transcript";"1";"application/vnd.google-apps.document";"2014-06-06 20:49:27.000000";"12";"2";"1"
"6147";"Fuß.jpg";"2";"image/jpeg";"2014-04-14 12:03:26.000000";"6";"2";"1"
"2994";"english.html";"4";"text/html";"2014-01-29 12:06:55.000000";"18";"2";"1"
"6080";"2014-03-26 Call FIN - GER";"4";"application/vnd.google-apps.document";"2014-03-26 13:34:42.000000";"3";"2";"1"
"6622";"Dr. Norbert Leclere - Interview Debrief";"4";"application/vnd.google-apps.document";"2014-04-16 08:11:36.000000";"3";"2";"1"
"7185";"Cables from amazon";"1";"application/vnd.google-apps.document";"2014-06-06 21:43:33.000000";"3";"2";"1"
"122";"2013-12-05 Kühn, Head of Finance of Corporate Automation Section @ Siemens";"1";"application/vnd.google-apps.document";"2013-12-06 20:53:38.000000";"3";"2";"1"
"535";"0_shower-context map.jpg";"2";"image/jpeg";"2013-12-02 09:49:10.000000";"2";"2";"1"
"6613";"LGM(2) GER 17-04";"4";"application/vnd.google-apps.presentation";"2014-04-17 14:18:59.000000";"9";"2";"1"
"526";"IMG_7377.JPG";"2";"image/jpeg";"2013-11-14 13:18:16.000000";"2";"2";"1"
"257";"German POV";"2";"application/vnd.google-apps.document";"2014-01-07 15:16:24.000000";"6";"2";"1"
"63";"2013-11-19 Questions/ Notes real estate broker ";"1";"application/vnd.google-apps.document";"2013-11-20 16:34:20.000000";"4";"2";"1"
"2458";"Feedback LGM_SGM";"4";"application/vnd.google-apps.document";"2014-01-29 17:09:56.000000";"5";"2";"1"
"6640";"German Presentation 24.4";"2";"application/vnd.google-apps.presentation";"2014-04-24 13:59:48.000000";"2";"2";"1"
"4651";"HPI Winter Presentation V13.ppt";"1";"application/vnd.ms-powerpoint";"2014-03-17 07:17:59.000000";"2";"2";"1"
"285";"Steffen Zierl";"2";"application/vnd.google-apps.document";"2013-12-12 10:11:23.000000";"3";"2";"1"
"6669";"Selbsthilfegruppen Berlin";"4";"application/vnd.google-apps.document";"2014-05-09 07:00:04.000000";"6";"2";"1"
"313";"German Fall Presentation";"2";"application/vnd.google-apps.presentation";"2013-12-12 14:00:53.000000";"27";"2";"1"
"595";"0_Motor Skills.jpg";"2";"image/jpeg";"2013-11-18 10:32:51.000000";"2";"2";"1"
"215";"Leap Motion + Action Figures";"1";"application/vnd.google-apps.document";"2013-11-12 00:14:28.000000";"4";"2";"1"
"531";"2_ideation.jpg";"2";"image/jpeg";"2013-12-02 09:47:55.000000";"2";"2";"1"
"4772";"2014-03-04 hangout";"4";"application/vnd.google-apps.document";"2014-03-04 15:01:06.000000";"7";"2";"1"
"16";"Stanford 2014-01-23";"1";"application/vnd.google-apps.document";"2014-01-24 00:53:12.000000";"4";"2";"1"
"4683";"Summary Bayer interview/feedback";"4";"application/vnd.google-apps.document";"2014-02-26 18:06:22.000000";"6";"2";"1"
"3785";"Organisation Open Doors";"2";"application/vnd.google-apps.document";"2014-02-20 10:02:28.000000";"6";"2";"1"
"55";"2013-12-02 Dieter Kowark, Disaster Control";"1";"application/vnd.google-apps.document";"2013-12-02 15:34:58.000000";"7";"2";"1"
"3676";"2014-02-19 Siemens Call";"1";"application/vnd.google-apps.presentation";"2014-02-20 14:57:31.000000";"7";"2";"1"
"2453";"2013-11-13 Agenda Kickoff Call Bayer";"4";"application/vnd.google-apps.presentation";"2013-11-13 14:27:50.000000";"2";"2";"1"
"3510";"IMG_20140206_121939.jpg";"2";"image/jpeg";"2014-02-06 11:24:00.000000";"2";"2";"1"
"6675";"Meeting Notes Siemens Call 14.05.2014";"1";"application/vnd.google-apps.document";"2014-05-14 20:21:14.000000";"2";"2";"1"
"2995";"impressum.html";"4";"text/html";"2014-01-29 12:06:47.000000";"6";"2";"1"
"6420";"Component Inventory";"1";"application/vnd.google-apps.spreadsheet";"2014-05-20 22:33:31.000000";"71";"2";"1"
"5804";"call 24.3";"2";"application/vnd.google-apps.document";"2014-03-24 13:23:31.000000";"5";"2";"1"
"211";"SKBusinessCards";"1";"application/vnd.google-apps.document";"2013-12-11 23:30:39.000000";"4";"2";"1"
"6614";"LGM GER 17-04";"4";"application/vnd.google-apps.presentation";"2014-04-17 12:47:33.000000";"4";"2";"1"
"114";"2012-12-05 Caroline Baumgärtner, IT @ Siemens";"1";"application/vnd.google-apps.document";"2013-12-06 21:08:02.000000";"2";"2";"1"
"527";"IMG_7379.JPG";"2";"image/jpeg";"2013-11-14 13:18:14.000000";"2";"2";"1"
"3869";"French Handout 13.02.2014";"2";"application/vnd.google-apps.document";"2014-02-13 13:09:48.000000";"2";"2";"1"
"65";"2013-11-20 Pfizer Datenvorbereiter ";"1";"application/vnd.google-apps.document";"2013-11-21 09:53:11.000000";"18";"2";"1"
"420";"Synthèse Kick off";"2";"application/vnd.google-apps.document";"2013-11-22 06:12:46.000000";"2";"2";"1"
"4652";"2014-03-05 Siemens Status update";"1";"application/vnd.google-apps.presentation";"2014-03-05 14:38:28.000000";"5";"2";"1"
"3506";"IMG_20140210_104223~2~2.jpg";"2";"image/jpeg";"2014-02-13 14:11:40.000000";"2";"2";"1"
"6786";"Agenda 7-05-2014";"4";"application/vnd.google-apps.document";"2014-05-07 09:09:32.000000";"5";"2";"1"
"443";"IMG_7622.JPG";"2";"image/jpeg";"2014-03-06 00:40:45.000000";"2";"2";"1"
"6695";"2014-05-06 Diagramme";"1";"application/vnd.google-apps.presentation";"2014-05-07 12:45:18.000000";"4";"2";"1"
"596";"0_Aesthetics.jpg";"2";"image/jpeg";"2013-11-18 10:34:03.000000";"2";"2";"1"
"2991";"aboutus.html";"4";"text/html";"2014-01-29 12:07:14.000000";"4";"2";"1"
"6514";"Fragen Dr. Norbert Leclere";"4";"application/vnd.google-apps.document";"2014-04-15 07:14:49.000000";"6";"2";"1"
"17";"HPI 2014-01-23";"1";"application/vnd.google-apps.document";"2014-01-30 12:37:03.000000";"3";"2";"1"
"1563";"Sight problems of elderly";"2";"application/vnd.google-apps.document";"2014-02-02 16:15:44.000000";"2";"2";"1"
"77";"Paper Prototype Testing Notes";"1";"application/vnd.google-apps.document";"2014-01-30 14:03:02.000000";"10";"2";"1"
"523";"4_how interesting are ideas.jpg";"2";"image/jpeg";"2013-12-02 09:48:48.000000";"2";"2";"1"
"416";"Contact List";"2";"application/vnd.google-apps.spreadsheet";"2013-11-28 14:58:56.000000";"5";"2";"1"
"3465";"Stanford 2014-02-06";"1";"application/vnd.google-apps.document";"2014-02-07 00:56:08.000000";"4";"2";"1"
"3500";"Feedback German Prototype 10.02.2014";"2";"application/vnd.google-apps.document";"2014-02-13 13:07:12.000000";"5";"2";"1"
"6213";"Handout 9.4.2014";"2";"application/vnd.google-apps.document";"2014-04-09 15:37:13.000000";"2";"2";"1"
"592";"0_Weak Muscles.jpg";"2";"image/jpeg";"2013-11-18 10:33:47.000000";"2";"2";"1"
"7918";"clemens-evil.jpg";"4";"image/jpeg";"2014-06-06 05:25:52.000000";"2";"2";"1"
"6835";"Teupitz - Presentation - 14.05.2014";"4";"application/vnd.google-apps.presentation";"2014-05-14 09:47:56.000000";"17";"2";"1"
"528";"IMG_7391.JPG";"2";"image/jpeg";"2013-11-14 13:18:12.000000";"2";"2";"1"
